	id	title	freq	cluster
0	0	zaver	76818	13
1	1	doporuceni	63867	10
2	2	lab. vysetreni	52071	18
3	3	vysetreni	38384	0
4	4	lekar	37484	18
5	5	evidence	37292	9
6	6	pristroj	35021	9
7	7	klasifikace	33131	10
8	8	exam type	31480	9
9	9	nalez [ep	30965	14
10	10	m	28508	9
11	11	fa	22441	16
12	12	vysledek	21318	9
13	13	pocatek podani	21239	9
14	14	pm	20511	9
15	15	mg #.cteni [ep	19735	14
16	16	alergie	18697	12
17	17	operace	14974	16
18	18	expozice	14605	9
19	19	provedl	14189	9
20	20	prijem	14089	9
21	21	res	13943	13
22	22	provedeno	13940	9
23	23	ra	13694	12
24	24	interkurence	13470	16
25	25	vyska	13097	9
26	26	linie	12849	9
27	27	rezim	12253	9
28	28	res.	12099	13
29	29	tk/puls	12057	9
30	30	cevni vstup	11450	9
31	31	poznamky	10972	9
32	32	osobni anamneza	10948	16
33	33	objektivni vysetreni	10214	6
34	34	subjektivni potize	10207	0
35	35	karnofsky index	10193	9
36	36	mikroskopicky nalez	9798	5
37	37	ga	9582	12
38	38	subj.	9428	0
39	39	konzultace	8629	9
40	40	obj.	8551	6
41	41	interval	8476	9
42	42	makroskopicky nalez	8470	17
43	43	sa	8166	12
44	44	pa	8053	12
45	45	#	7937	5
46	46	diagnosticky souhrn	7910	13
47	47	topografie(icd-o-#)	7506	10
48	48	abusus	7462	12
49	49	zapsala	7199	9
50	50	usg [ep	6948	14
51	51	koureni	6868	12
52	52	##	6850	5
53	53	porody	6347	12
54	54	ekg	6270	8
55	55	gynekologicke operace	6265	12
56	56	dg	6245	13
57	57	hormonalni lecba	5961	12
58	58	angioinvaze	5852	13
59	59	rozvaha	5718	10
60	60	mastitis	5676	12
61	61	antikoncepce	5676	12
62	62	gynekologicka onemocneni	5625	12
63	63	osetrovatelske mereni	5587	6
64	64	hrudnik	5573	6
65	65	hlava	5411	6
66	66	hmotnost	5184	8
67	67	popis	5176	2
68	68	zdravotnicke prostredky	5170	9
69	69	informace pro lekare	5090	11
70	70	krk	5060	6
71	71	zapsal	4993	9
72	72	lecebna odpoved	4992	9
73	73	oa	4877	16
74	74	dopor.	4752	10
75	75	pred vykonem nutno doplnit	4746	11
76	76	osobni anamn.	4594	16
77	77	rtg	4504	3
78	78	asa	4503	0
79	79	zakl. dg.	4485	13
80	80	bricho	4393	6
81	81	farmakol.anamn.	4382	11
82	82	medikace	4330	11
83	83	dkk	4315	6
84	84	s	4161	0
85	85	vykon	4119	10
86	86	premedikace - vecer	4115	11
87	87	recept	4015	11
88	88	er	3884	13
89	89	dop.	3801	10
90	90	st. localis	3782	6
91	91	zobrazovaci a laboratorni vysetreni	3761	4
92	92	obj	3688	6
93	93	her-# imunohistochemicky	3678	8
94	94	erytrocyty	3509	18
95	95	frakcionace	3461	9
96	96	diagnoza	3431	13
97	97	pr	3321	8
98	98	st.localis	3300	6
99	99	technika	3264	9
100	100	zareni	3119	9
101	101	aplikace	3073	9
102	102	subj	3012	0
103	103	biopsie [ep	2995	14
104	104	b_erytrocyty	2974	18
105	105	lecebna rozvaha	2948	10
106	106	nalez	2876	8
107	107	operater	2851	9
108	108	#. korekce	2798	10
109	109	odber	2768	9
110	110	pece bude poskytnuta	2724	9
111	111	planovane objemy	2712	9
112	112	zobrazovaci metody	2591	14
113	113	mg #.cteni	2555	4
114	114	z	2543	14
115	115	o	2501	6
116	116	##.##.##	2455	18
117	117	histologie	2438	13
118	118	radioterapie byla provedena	2388	9
119	119	ki##	2356	8
120	120	operace provedena	2199	9
121	121	no	2139	0
122	122	vedlejsi dg.	2124	16
123	123	dle potreby	2112	11
124	124	popis histologie	2101	13
125	125	chronicka toxicita	2099	9
126	126	interpretace	2073	11
127	127	ptnm(#)	2049	13
128	128	histol.	2036	13
129	129	zapis z mk	1986	13
130	130	dg.	1954	13
131	131	dop	1938	10
132	132	prubeh lecby	1923	0
133	133	konzultoval	1886	9
134	134	aa	1860	0
135	135	laboratorni objednavky	1748	3
136	136	 zaver	1670	13
137	137	poznamka	1630	14
138	138	re	1605	14
139	139	kontroloval	1529	9
140	140	histol	1511	13
141	141	cht/rt v predoperacnim obdobi	1481	13
142	142	chir. kontrola	1477	0
143	143	zadanka	1473	9
144	144	rodina otce	1334	12
145	145	snb leve axily	1327	13
146	146	loziska	1318	9
147	147	##-##	1308	5
148	148	komorbidity	1282	16
149	149	sourozenci	1266	12
150	150	peroperacni nalez	1254	2
151	151	prediktivni faktory	1213	13
152	152	her-# ish	1200	11
153	153	deti	1182	12
154	154	#-#	1163	5
155	155	snb prave axily	1158	13
156	156	morfologie	1156	9
157	157	pro probandku	1145	11
158	158	predmet vysetreni a lokalizace	1137	19
159	159	echo-srdce	1122	13
160	160	tnm(#)	1111	9
161	161	ae	1095	15
162	162	geneticky zaver	1091	12
163	163	rodinna anamneza	1058	12
164	164	proliferacni antigen ki-##	1057	8
165	165	ar	1019	19
166	166	duvod modifikace davek	1018	9
167	167	mk	982	10
168	168	doporuceni mk	972	10
169	169	usg	940	14
170	170	ea	933	0
171	171	posledni medikace	922	11
172	172	vys	914	18
173	173	ki## (automat)	888	13
174	174	doporucene leky	887	11
175	175	##.#.#### v #	876	14
176	176	obj. vyska	846	6
177	177	sae	799	15
178	178	interkurence.	797	16
179	179	klinicka studie	786	9
180	180	##.#.#### v ##	771	14
181	181	po fixaci	750	17
182	182	pet nalez	745	8
183	183	per rectum	744	6
184	184	uzliny	738	19
185	185	##.##.#### ##	706	14
186	186	akutni toxicita	704	9
187	187	= pouceni pro aplikaci	699	11
188	188	ad #) ##-##(mc)	698	5
189	189	histol. zaver	688	13
190	190	proliferacni antigen ki-## (%)	687	13
191	191	pozn.	681	10
192	192	ostatni dg	680	16
193	193	medikace pri propusteni	678	11
194	194	mammy	675	6
195	195	#-##	671	5
196	196	th.	668	2
197	197	planovana kontrola	661	19
198	198	ambulantni objednavky	655	10
199	199	ad #) #-#	642	5
200	200	objednavky	632	10
201	201	ad #) ##-##	622	5
202	202	kontrola	616	0
203	203	plan	616	10
204	204	lokalni nalez	615	6
205	205	pater	607	6
206	206	indikace	599	3
207	207	hist.	582	13
208	208	premedikace	581	11
209	209	urazy	572	16
210	210	objednany erymasy/mnozstvi	570	19
211	211	##.#.#### ##	566	14
212	212	aplikovana davka	565	9
213	213	<empty>	565	13
214	214	perikard	560	8
215	215	re.	559	14
216	216	doppler	555	8
217	217	prevaz	554	6
218	218	genet. konzultace	548	16
219	219	rtg plic	542	3
220	220	#d	538	8
221	221	vysetritelnost	525	8
222	222	ct nalez	515	14
223	223	ostat. dg.	514	16
224	224	geneticka konzultace	512	19
225	225	mamma dx	511	6
226	226	pri prujmu	507	11
227	227	uz vag.	503	2
228	228	dopplerovska mereni	498	8
229	229	pu	495	8
230	230	plax	495	9
231	231	echo srdce	495	3
232	232	mi	494	8
233	233	pravid.amb. kontrola	492	19
234	234	ozareny objem	492	10
235	235	tri	491	8
236	236	diagnosticka rozvaha a zaver	479	16
237	237	vag.	469	2
238	238	##.#.#### #	461	14
239	239	transfuze	460	19
240	240	def. histologie	458	13
241	241	predchozi histologicka vysetreni	456	13
242	242	ff	455	0
243	243	ad #) #	443	5
244	244	hlavni operacni diagnoza	442	19
245	245	klinicky	441	6
246	246	ad #) #-##	439	5
247	247	s_cea	430	18
248	248	souhlasi s epiduralnim katetrem	420	19
249	249	objektivni nalez	418	6
250	250	snb	417	13
251	251	nul	416	10
252	252	labo	414	8
253	253	vlevo	404	13
254	254	pu reg	402	8
255	255	ord.	401	10
256	256	##-##(mc)	396	5
257	257	tri reg	392	8
258	258	rizikove faktory	390	9
259	259	cave	385	10
260	260	mi reg	385	8
261	261	provedena vysetreni	384	4
262	262	du	384	6
263	263	vnpi	384	13
264	264	operacni sal	379	9
265	265	prava mamma	376	13
266	266	posledni gyn vys.	375	3
267	267	pozadavek	371	3
268	268	pet	370	8
269	269	mamma sin	368	6
270	270	vnpi + vek	359	13
271	271	#.#.#### v #	358	14
272	272	pro vysledek	355	19
273	273	#ac	354	3
274	274	dopor.mk	353	10
275	275	s histol.nalezem	347	13
276	276	predoperacni anesteziologicke vysetreni	344	19
277	277	ucel ambulantni kontroly	343	10
278	278	peroperacne	341	5
279	279	vedl. choroby	339	16
280	280	vedlejsi dg	338	16
281	281	definitivni histologie	334	13
282	282	vedl. dg.	331	16
283	283	planovany vykon	328	10
284	284	#.#.#### v ##	327	14
285	285	pozadovane vysetreni	326	10
286	286	asistence	320	9
287	287	 re	316	14
288	288	gynekologie	316	3
289	289	pri aftech	314	11
290	290	biopsie	309	4
291	291	snimek hrudniku	304	14
292	292	boost mam dx	300	19
293	293	ord	298	10
294	294	chemoterapie	294	9
295	295	dolni koncetiny	290	6
296	296	leva mamma	289	13
297	297	boost mam sin	289	19
298	298	dopor. mk	287	10
299	299	vek	284	6
300	300	objekt	282	6
301	301	priprava	276	9
302	302	vysetritelnost pacienta	275	8
303	303	ki##(automat)	273	19
304	304	komentar	272	10
305	305	##.##.#### v #	268	4
306	306	prsy	267	6
307	307	ad #) #(mc)	265	5
308	308	zevni genital	264	3
309	309	dokumentace	264	19
310	310	lokalne	263	6
311	311	covid anamn	261	0
312	312	fdg-pet	261	8
313	313	subjekt	260	0
314	314	p_c-reaktivni protein	259	18
315	315	lymfoscintigrafie ##mtc nanocollem	259	8
316	316	klin.	258	6
317	317	sumacni snimek hrudniku	257	14
318	318	mg	256	4
319	319	objektivne	256	6
320	320	psm	253	9
321	321	lymfangioinvaze	251	13
322	322	kuze	249	6
323	323	hist	249	13
324	324	ad #) leva mamma	243	5
325	325	ihc score	242	19
326	326	status localis	241	6
327	327	ad #) #-#(mc)	241	5
328	328	operace ##.#.####	240	13
329	329	anam.	239	12
330	330	ad #) ##(mc)	238	5
331	331	dop mk	234	10
332	332	echo	234	3
333	333	anamneza	233	12
334	334	cizi dokumentace z data	233	14
335	335	lu leve axily	231	13
336	336	terapeuticky vykon	227	19
337	337	komplikace	226	7
338	338	ad #) prava mamma	224	5
339	339	ebr k vykonu	223	19
340	340	periferni lu	223	19
341	341	 b_erytrocyty	223	18
342	342	ad #) #-##(mc)	223	5
343	343	dnes bez ki zahajeni	222	10
344	344	monitorace pri vykonu	220	9
345	345	phk	218	6
346	346	klin	216	6
347	347	#) leva mamma	215	17
348	348	##.##.#### v ##	214	4
349	349	seznam zahrnutych genu	213	1
350	350	lu prave axily	213	13
351	351	* lab. vysetreni	210	18
352	352	obj. . vyska	210	6
353	353	doba extrakce endoskopu (min)	210	19
354	354	disekat axily	208	13
355	355	mk doporuceni	208	10
356	356	vpravo	208	13
357	357	pc_protrombin.test-inr	206	18
358	358	anam	205	0
359	359	#) prava mamma	205	17
360	360	prijem na oddeleni	202	11
361	361	mallampati skore	202	7
362	362	#d (mm)	201	3
363	363	##.##.####	199	3
364	364	operacni tym	196	9
365	365	lhk	196	6
366	366	efekt	195	10
367	367	ad #) ##	194	5
368	368	nalez z ct obrazu	194	14
369	369	psa	194	12
370	370	histologicky	193	13
371	371	staging	191	4
372	372	ps	187	6
373	373	#.#.#### ##	186	14
374	374	pozn	185	10
375	375	##.#.## provedena operace	182	13
376	376	##.#.####	182	3
377	377	uz bricha	181	4
378	378	duvod navstevy	180	0
379	379	kuze chronicka	180	9
380	380	nottingham/who grade	180	9
381	381	 hrudnik	180	14
382	382	*nalez [ep	180	14
383	383	mammae	177	6
384	384	matrim	175	19
385	385	pravostranna mastectomie	168	13
386	386	lab	167	18
387	387	dalsi navsteva	167	10
388	388	protokol	167	14
389	389	ter.	167	2
390	390	covid	166	0
391	391	dalsi dg.	165	16
392	392	#.##.#### v #	163	4
393	393	kelimek c. #	163	14
394	394	 ##.#.#### ##	162	14
395	395	benigni leze	162	4
396	396	ev. mozna redukce davek	162	19
397	397	reresekat	161	13
398	398	uz	159	4
399	399	srdce	158	8
400	400	laboratorne	158	18
401	401	druhe a dalsi podani	158	9
402	402	vedlejsi nalez	158	19
403	403	#.#.#### #	157	14
404	404	uz mamm	157	4
405	405	scinti skeletu	157	3
406	406	davka	155	19
407	407	celkova doba lecby priblizne	155	10
408	408	chir. vysetreni	155	7
409	409	subjektivne	155	0
410	410	objednany erymasy/ mnozstvi	155	7
411	411	 operace	154	16
412	412	doba vykonu (min)	154	2
413	413	lok	154	6
414	414	dopor mk	153	10
415	415	boost dx	150	19
416	416	epidemiologicka anamn.	150	19
417	417	anamnesticke informace	150	0
418	418	echokg	150	3
419	419	magneticka rezonance [ep	149	14
420	420	p.m.	149	3
421	421	#.##.#### v ##	147	4
422	422	pritomni	145	9
423	423	typ planovani	144	9
424	424	strategie	143	19
425	425	boost sin	142	19
426	426	denzitometrie	142	3
427	427	navyky	142	12
428	428	sono vag.	141	2
429	429	zapis z mamarni komise	139	19
430	430	mamma l.dx.	139	6
431	431	stav vyzivy	138	3
432	432	pri nevolnosti	138	11
433	433	dopor	138	10
434	434	intekurence	138	16
435	435	kolonoskopie	138	2
436	436	- docasne doporucena medikace	135	11
437	437	ntl	134	4
438	438	kontrola po operaci	134	19
439	439	dle mk	133	10
440	440	tl	133	4
441	441	bolesti	130	0
442	442	rtg s+p	129	4
443	443	konsilium (neurologie)	129	19
444	444	laboratorni vysetreni	129	18
445	445	abuzus	128	12
446	446	stav axilarnich uzlin	127	4
447	447	s nalezem	126	13
448	448	n#	126	0
449	449	steroidni receptory	126	19
450	450	dop. mk	125	10
451	451	spirometrie	125	3
452	452	pro matku	125	11
453	453	mamma sin d	124	19
454	454	lok.	124	6
455	455	gyn	124	2
456	456	mamame	123	6
457	457	nutricni dotaznik	123	12
458	458	soubezna lecba	123	19
459	459	soucasna medikace	122	11
460	460	mamma l.sin.	122	6
461	461	anesteziologicky tym	121	19
462	462	llab. vysetreni	121	18
463	463	dalsi nalez	121	13
464	464	mamy	120	6
465	465	pro dceru	120	19
466	466	 p_c-reaktivni protein	120	18
467	467	obj.vyska	120	6
468	468	prubeh radioterapie	119	0
469	469	##.#.#### operater	119	19
470	470	#. dg	118	13
471	471	zajisteni dc	118	19
472	472	fyzicka vykonnost	118	0
473	473	op	118	16
474	474	rizikove faktory lekovych problemu	117	18
475	475	 ##.#.#### #	116	14
476	476	#.#.####	116	4
477	477	pacientka po provedene	115	19
478	478	osetrujici lekar	114	19
479	479	dale vysledek zaslat	113	19
480	480	objednany erymasy	113	7
481	481	citlivost kvalitativni	113	9
482	482	kultivace za ## hod.	112	19
483	483	denzitometrie #/####	112	3
484	484	z.	111	14
485	485	duvod	110	19
486	486	tm	110	3
487	487	infekcni zloutenka	109	7
488	488	souhrn predchozich vysledku	108	14
489	489	instrumentarka	108	19
490	490	u__ph	108	18
491	491	zhodnoceno u mk	108	19
492	492	ucel navstevy	106	10
493	493	na	105	0
494	494	uz vag	104	2
495	495	hemokult	102	3
496	496	##.##.#### #	101	14
497	497	zaver a doporuceni	101	10
498	498	lk(mm) - ivs	101	4
499	499	patologie - biopticke vysetreni	101	19
500	500	nejiste leze	100	4
501	501	echokg ##/#/##	99	3
502	502	uraz	99	7
503	503	rezerva	99	5
504	504	anamnesa	98	12
505	505	#.##.#### ##	97	14
506	506	celkova davka zareni	97	13
507	507	pece o operacni ranu	96	11
508	508	z anamnezy	96	12
509	509	ias	95	3
510	510	komplikujici dg.	94	7
511	511	th	94	2
512	512	onkologicka rozvaha	94	10
513	513	uz bricha #/####	93	3
514	514	stav pri ukonceni radioterapie	93	0
515	515	z dokumentace	93	13
516	516	mr mamm	92	14
517	517	posledni medikace v mou	92	11
518	518	zhodnoceni predch.vysl	92	4
519	519	trf	92	7
520	520	st.loclais	91	6
521	521	anamnesa cilene zamerena	91	0
522	522	docasne doporucena medikace	90	11
523	523	uz jater	90	4
524	524	vedl. chor	89	16
525	525	histologicke vysetreni	89	19
526	526	orient neurolog.	89	3
527	527	axilly a nadklicky	89	6
528	528	nu	88	15
529	529	dopor mk.	88	10
530	530	prubeh rt	88	19
531	531	ozarena oblast	88	19
532	532	aktualni nutricni potreba	87	9
533	533	mammarni komise	87	10
534	534	vedlejsi diagnozy	86	16
535	535	- pri prujmu	86	11
536	536	 interkurence	86	16
537	537	asistenti	85	19
538	538	zaver definitivniho histopatologickeho vysetreni	85	13
539	539	konziliarni onkologicka ambulance	84	7
540	540	antropometrie	84	0
541	541	vag	84	2
542	542	diagnozy	84	13
543	543	konsilium (anesteziologie)	83	19
544	544	ekg.	83	3
545	545	vnpi orientacne	83	19
546	546	zada	82	7
547	547	informovanost	82	10
548	548	##.#.#### operace	82	19
549	549	dmg	82	4
550	550	bilance	81	8
551	551	operace #.#.####	81	19
552	552	#.#.## provedena operace	81	13
553	553	epidur. katetr	81	7
554	554	termin biopsie	81	7
555	555	uzliny periferni	81	19
556	556	t	80	3
557	557	interkruence.	79	16
558	558	pri zacpe	79	11
559	559	fototyp	78	19
560	560	pro otce	78	19
561	561	koncetiny	77	6
562	562	ostatni dg.	77	16
563	563	 s_cea	77	19
564	564	souhrn	76	13
565	565	mitoticka aktivita	76	19
566	566	##.##	76	7
567	567	uzv bricha	76	4
568	568	skelet	76	8
569	569	nosohltan	75	6
570	570	pristi vizity	75	10
571	571	odeslal	75	7
572	572	telefonicky	75	0
573	573	soucasna aktivni onkologicka lecby	75	7
574	574	doporuceni chirurga	75	10
575	575	klasif.	74	13
576	576	#(mc)	74	5
577	577	od nevolnosti	74	19
578	578	duvod pozadavku	74	7
579	579	doporucena medikace	74	11
580	580	telefonicka konzultace s pacientkou	72	7
581	581	termin	72	7
582	582	ad radioterapiam	72	10
583	583	- klinicky nalez	71	6
584	584	st.p.rame vlevo s nalezem	71	13
585	585	pet/ct	71	8
586	586	informace pro pacienty	71	11
587	587	ad chirurgiam	71	10
588	588	nasledna pece	71	7
589	589	genetika	70	13
590	590	gyn.	70	2
591	591	uz horniho bricha	70	14
592	592	uz mammae a axil	70	4
593	593	kuze akutni	70	9
594	594	kontrola a prevaz	70	0
595	595	 #.#.#### ##	69	14
596	596	poj	69	7
597	597	ptv	69	19
598	598	terapeuticky zamer	68	7
599	599	rameno c	68	19
600	600	jaderny grade	68	7
601	601	histologie cgb laborator ostrava	68	13
602	602	tubularni formace	68	19
603	603	doporuceni mamarni komise	68	10
604	604	konsilium (chirurgie)	67	19
605	605	nutricni plan	67	11
606	606	pokryti nutricni potreby	67	7
607	607	 #.#.#### #	67	14
608	608	- s pozadavkem na	67	19
609	609	resekcni okraje	67	19
610	610	st. loc.	66	6
611	611	vedl. nalez	66	4
612	612	ostatni medikace	66	11
613	613	bez pacientky po operaci	66	19
614	614	##/#/## operace	66	13
615	615	tel. kontakt	66	0
616	616	ct nalez (dr.koukalova)	65	14
617	617	doporuceni genetika	65	19
618	618	intrekurence	65	16
619	619	doresekat	65	13
620	620	pro syna	65	19
621	621	denzitometrie ##.#.####	65	3
622	622	sumarne se snb	64	13
623	623	posledni gyn vys #/####	64	3
624	624	fyzikalni vysetreni	64	3
625	625	dk	64	19
626	626	mamma dx.	64	19
627	627	sono	64	4
628	628	ostatni diagnozy	64	16
629	629	necilove leze	63	4
630	630	toks	63	3
631	631	eflk teichholz	63	19
632	632	konziliarni onkol. ambulance	63	7
633	633	nalez scintigraficky	63	8
634	634	nul terapie	63	10
635	635	palp	63	2
636	636	tel kontakt	63	0
637	637	studiova medikace	62	11
638	638	anamneza cilene na mezidobi	62	0
639	639	histol. vysetreni	62	13
640	640	lokoreg.	62	6
641	641	#d plax	62	3
642	642	gynekologie #/##	61	3
643	643	tel.	61	7
644	644	st.localis|	61	6
645	645	per spec.	61	2
646	646	p_hemoglobin volny	60	18
647	647	st. lokalis	60	6
648	648	dutina ustni	60	19
649	649	 c#.#	60	19
650	650	gynekol. vys. ##.#.####	60	3
651	651	vysledky predchozich vysetreni	60	4
652	652	ress	60	3
653	653	st.p. operaci vlevo	59	13
654	654	melanomova komise	59	7
655	655	##.#.#### diagnosticka mg bilat.	59	4
656	656	pro bratra	59	19
657	657	konsilium (interna)	59	19
658	658	operace ##.##.####	59	19
659	659	biopsie (biopticke kleste resterilizovatelne-olympus)	58	7
660	660	 vzorky c. #	58	14
661	661	nove leze	58	7
662	662	levostranna mastectomie	58	19
663	663	mamma dx+lu	58	19
664	664	insuflace	57	7
665	665	sumacni snimek hrudniku [ep	57	14
666	666	pdl-# imunohistochemicky	57	19
667	667	vysledek def. histol.	57	19
668	668	mg + uz	56	4
669	669	e-cadherin	56	19
670	670	- medikace	56	19
671	671	 pc_protrombin.test-inr	56	18
672	672	pokryti potreby bilkovin	56	7
673	673	dalsi postup	56	10
674	674	ks	55	7
675	675	- pacientka odeslana pro	55	19
676	676	seznam ### zahrnutych genu	55	1
677	677	pro sestru a matku	55	19
678	678	rektum	55	2
679	679	boost mamma dx	55	19
680	680	prevence	55	7
681	681	cilena anam.	55	0
682	682	transf.	55	7
683	683	upozorneni (cave!)	55	7
684	684	spa	54	0
685	685	rt kontrola	54	7
686	686	periferni uzliny	54	7
687	687	resekcni linie negativni. angioinvaze	54	7
688	688	mk dopor.	54	10
689	689	st.loc.	54	6
690	690	sub	54	0
691	691	telef.	54	0
692	692	zaver histopatol. vysetreni	53	19
693	693	pro matku a sestru	53	19
694	694	#/#### progrese onemocneni	53	13
695	695	uz bricha ##/####	53	3
696	696	##.##.## provedena operace	52	19
697	697	fa.	52	16
698	698	z dodane dokumentace	52	4
699	699	ih	52	7
700	700	rano	52	19
701	701	hrudnik - plice	52	3
702	702	kultivace	52	19
703	703	##.#.#### gynekologie	51	3
704	704	#.vyborna	51	19
705	705	tumor/metastaza	51	19
706	706	dalsi lu leve axily	51	13
707	707	#.spatna	51	19
708	708	#.dobra	51	19
709	709	# snb	51	13
710	710	#.nedostatecna	51	19
711	711	#.prijatelna	51	19
712	712	st.lokalis	51	6
713	713	- doporuceni komise	51	10
714	714	posl gyn	50	3
715	715	mastectomie vpravo	50	13
716	716	energie	50	7
717	717	ekg ##/####	50	3
718	718	mg vysetreni	50	4
719	719	zhodnoceni predchozich vysl	50	4
720	720	ost dg	50	16
721	721	dosavadni efekt	50	19
722	722	mmg	49	4
723	723	dale	49	4
724	724	vedl. onem	49	19
725	725	#-##(mc)	49	5
726	726	stomatologicke vysetreni ##.#.####	49	7
727	727	ukonceni radioterapie	49	19
728	728	bostonska skala	49	7
729	729	o.	48	6
730	730	endokrinologie	48	3
731	731	stp.	48	19
732	732	##(mc)	48	5
733	733	uz prsou	48	4
734	734	#. vlevo (centralne)	48	19
735	735	cilove leze	48	14
736	736	#. vpravo (hkk)	48	19
737	737	##.#.#### ekg	48	3
738	738	chronicke medikace	48	19
739	739	studijni medikace	48	19
740	740	#/## echo-srdce	48	3
741	741	intolerance	48	7
742	742	* ##.#.#### ##	47	14
743	743	exprese v nadorovych bunkach	47	19
744	744	mamma dx + lu	47	19
745	745	dle ct plic	47	13
746	746	moc-u__ph	47	4
747	747	vedl. onem.	47	16
748	748	kontrola na ambulanci	47	10
749	749	laborator	47	18
750	750	telefonicka konzultace	47	7
751	751	mamma l. sin.	47	19
752	752	tel. konzultace	46	10
753	753	st.lok	46	6
754	754	rtg plic ##/####	46	3
755	755	enteralni vyziva	46	7
756	756	ct	46	14
757	757	in situ komponenta	46	19
758	758	neurologie	46	3
759	759	interkur.	46	16
760	760	nova leze	45	4
761	761	pro dcery	45	19
762	762	mamma sind	45	19
763	763	#.#.#### operace	45	19
764	764	kuze- exantem # hlava	45	6
765	765	#. cteni	45	7
766	766	minimalni resekcni okraje	45	13
767	767	onkologicka duplicita	45	13
768	768	- interkurence	45	16
769	769	fenotyp z core-cut	45	19
770	770	##/#### pd	45	13
771	771	a	44	19
772	772	pro syny	44	19
773	773	dalsi nalezy	44	8
774	774	ad#	44	19
775	775	pro sestru	44	19
776	776	mamma sin.	44	7
777	777	##.#. operace	43	19
778	778	echo srdce ##.#.##	43	3
779	779	denzitometrie ##/#/##	43	7
780	780	vedl. chor.	43	16
781	781	interni vysetreni	43	0
782	782	intekrurence	43	16
783	783	z biopsie	43	13
784	784	hkk	43	7
785	785	#. reresekce	42	13
786	786	mimoradna kontrola	42	7
787	787	gyn.-zevne	42	7
788	788	radioterapie	42	7
789	789	vedl.chor	42	16
790	790	efekt lecby	42	10
791	791	axila i nadkl	42	7
792	792	dg. res	42	13
793	793	interkruence	42	16
794	794	disekce axily	42	19
795	795	 - angioinvaze	42	7
796	796	anamnesticky	42	7
797	797	ad #	42	19
798	798	lokoreg	41	6
799	799	covid anamneza	41	0
800	800	mamarni komise	41	10
801	801	pro deti	41	19
802	802	oa stran ten	41	16
803	803	dopor mk .	41	10
804	804	ekg dnes	41	3
805	805	nalez z ldct obrazu	41	14
806	806	interkurenc.e	41	16
807	807	srovn. se scinti #/####	40	8
808	808	boost mamma sin	40	7
809	809	ffce	40	0
810	810	bez pacientky pred operaci	40	7
811	811	rtg hrudniku	40	4
812	812	zapis z mk ##.#.####	40	19
813	813	mk mou	40	10
814	814	usg prsu a axil	40	4
815	815	echo srdce #/####	40	3
816	816	imunohistochemicke vysetreni	40	19
817	817	pri propusteni	40	0
818	818	ecog	39	7
819	819	stomatologie	39	3
820	820	histol mou	39	13
821	821	covidova anamneza	39	0
822	822	##.#.#### usg bricha	39	4
823	823	mamma sin+lu	39	7
824	824	epidural. katetr	39	7
825	825	#.##.#### #	39	14
826	826	st.p	39	19
827	827	anamn	39	7
828	828	anamnest. stran subj. obtizi	39	7
829	829	hodnoceni	39	7
830	830	zachyceny skelet	39	14
831	831	pc_antitrombin	39	7
832	832	posl gyn prevence	39	3
833	833	obj. nalez	39	3
834	834	benigni laese	39	3
835	835	- rozvaha	38	10
836	836	vysledek histologie	38	19
837	837	sono bricha	38	3
838	838	prsy a axily	38	6
839	839	 lab. vysetreni	38	18
840	840	orient. neurol.nalez	38	19
841	841	oa.	38	16
842	842	bsa(m#)	38	7
843	843	zaver histologie	38	13
844	844	ad #) rezerva	38	5
845	845	uzliny souhrnne vcetne snb	38	13
846	846	ra stran ten	38	12
847	847	uz bricha ##.#.####	38	3
848	848	interkurence-pred zarazenim do studie	38	13
849	849	sono jater	37	3
850	850	ad #) prava mama	37	5
851	851	subject id	37	19
852	852	pocet frakci	37	19
853	853	no.	37	7
854	854	mk- doporuceni	37	10
855	855	v planu	37	19
856	856	zadatel	37	19
857	857	mkn	37	13
858	858	lokalizace pod uz kontrolou	36	14
859	859	s histol nalezem	36	13
860	860	#d lk(mm) - ivs	36	3
861	861	#) mamma l. sin.	36	17
862	862	interekurence	36	16
863	863	st. localis #	36	6
864	864	 ##.##.#### ##	36	14
865	865	gynekol. vys.	36	3
866	866	lks/d(mm) - ivs	36	3
867	867	echo srdce ##.#.####	36	3
868	868	osetreni	36	6
869	869	vysetreni pri propusteni	36	0
870	870	vedl.dg.	36	16
871	871	ct bricha	36	3
872	872	kontraindikace	35	7
873	873	zaludek	35	19
874	874	terap.	35	2
875	875	gyn.vys.	35	2
876	876	absolutni kontraindikace	35	7
877	877	zapis z mammarni komise	35	19
878	878	ihc	35	19
879	879	jak- #	35	7
880	880	nalez pri propusteni	35	0
881	881	gfs znojmo ##/#/##	35	3
882	882	relaps i	35	7
883	883	kolpo	35	7
884	884	vysledek bude zaslan	35	7
885	885	simplexni mastektomie vpravo	35	19
886	886	adjuv ht	35	13
887	887	pacientce bylo prideleno id	34	7
888	888	#/####	34	3
889	889	paralelne zmena chemo #.linie	34	7
890	890	(pred nacht z core-cut	34	19
891	891	relaps ii	34	3
892	892	dalsi lu axily	34	19
893	893	epikrize	34	7
894	894	#) mamma l. dx.	34	17
895	895	predoperacni pet/ct	34	13
896	896	doplnujici udaje	34	7
897	897	dalsi vizita	34	10
898	898	obj..	34	6
899	899	vyhodnoceni	34	7
900	900	sa+pa	34	7
901	901	vnpi pro dcis	34	19
902	902	konzilium	34	7
903	903	#.##.## provedena operace	34	19
904	904	st localis	34	6
905	905	interni kontrola	33	3
906	906	prsty hkk	33	7
907	907	 fa	33	19
908	908	gynekologie ##.#.##	33	3
909	909	rame	33	13
910	910	adjuvance	33	19
911	911	lab. abnormalita	33	7
912	912	#. doresekat kranialne	33	19
913	913	c##	33	7
914	914	provedna vysetreni	33	4
915	915	neoadjuvance	33	7
916	916	 mg bilat. ##/#/####	33	14
917	917	konsilium	33	19
918	918	s_estradiol	33	7
919	919	vedlejsi onemocneni	33	7
920	920	pri bolesti	33	19
921	921	za mk	33	10
922	922	snb negativni (#/#). ptnm(#)	33	7
923	923	zapis z mk ##.#.##	33	19
924	924	duvod vysetreni	33	7
925	925	kucoch	33	7
926	926	resekcni okraje minimalne	32	19
927	927	+ # dny	32	7
928	928	#.##	32	7
929	929	operace #. #. ####	32	7
930	930	lok. nalez	32	6
931	931	pro otce a bratra	32	19
932	932	##.##.#### diagnosticka mg bilat.	32	4
933	933	orl ##/#/####	32	7
934	934	pacietnka po provedene	32	19
935	935	ph	32	18
936	936	telef. konzultace	32	19
937	937	gynekologicka onemocneni a operace	32	7
938	938	onkol.	32	3
939	939	dnes ekg	32	3
940	940	/pozn	32	3
941	941	monitorace	32	7
942	942	z parasterna ve #d	32	3
943	943	alergie polyvalentni	32	7
944	944	bulbus	32	19
945	945	uvodni text	32	3
946	946	ostat dg.	32	7
947	947	spondylokomise	32	13
948	948	reresekce	32	19
949	949	# snb leve axily	32	19
950	950	mg prsou	32	4
951	951	boost	32	7
952	952	resekat zhk leveho prsu	32	19
953	953	kardie	31	4
954	954	adnexa vpravo	31	19
955	955	# snb vpravo	31	19
956	956	mastektomie vpravo	31	19
957	957	nove	31	7
958	958	axila vlevo	31	19
959	959	#) resekat leve mammy	31	17
960	960	fenotyp po neoadjuvanci	31	19
961	961	pacientka vedena pod id	31	7
962	962	door.	31	10
963	963	pouzite implantaty	31	19
964	964	lok nalez	31	6
965	965	uz bricho	31	4
966	966	re-resekat	31	13
967	967	ob	31	7
968	968	dopor mk - #/####	31	3
969	969	parcialni mastektomie vpravo (zhk)	31	13
970	970	terapie	31	7
971	971	ki## (automat qupath)	31	7
972	972	epidemiologicka anamneza	31	7
973	973	pylorus	31	7
974	974	usg prsou	31	4
975	975	onkologicke res	31	10
976	976	dnes ##. #. ####	30	7
977	977	#. pooperacni kontrola	30	7
978	978	telefon. konzultace	30	7
979	979	inerkurence	30	7
980	980	pro bratra a otce	30	19
981	981	predepsana davka	30	19
982	982	s histol. nalezem	30	19
983	983	vychozi echo-srdce	30	19
984	984	gynekologicke vysetreni #/####	30	3
985	985	mastektomie vlevo	30	19
986	986	#.#.#### operater	30	7
987	987	mediakce	30	7
988	988	tvs	30	2
989	989	imunoprofil	30	19
990	990	ad #) leva mama	30	19
991	991	cytol. otisk	30	7
992	992	gyn. vys.	30	3
993	993	saturace o#	30	7
994	994	##.#.#### sumacni snimek hrudniku	30	4
995	995	hematologie	30	7
996	996	doprovod	29	7
997	997	zakl.dg.	29	19
998	998	vedl.choroby	29	7
999	999	ki-##	29	7
1000	1000	pro dceru a sestru	29	19
1001	1001	gynekologicke vysetreni ##.#.####	29	3
1002	1002	##.#.#### echo-srdce	29	19
1003	1003	leky	29	19
1004	1004	lu leve axily celkem	29	13
1005	1005	#/##/## zoledronova kyselina- nul	29	7
1006	1006	imunofenotyp	29	19
1007	1007	* ct mozku	29	4
1008	1008	#.#.#### diagnosticka mg bilat.	29	4
1009	1009	stp.rame vlevo s nalezem	29	19
1010	1010	resekat praveho prsu	29	19
1011	1011	core biopsie leve mammy	29	19
1012	1012	datum	29	19
1013	1013	z core-cut	29	19
1014	1014	st. loc	28	6
1015	1015	pristi navsteva	28	10
1016	1016	oper.	28	3
1017	1017	vag. uz	28	4
1018	1018	oprava	28	7
1019	1019	##/#/## pd	28	13
1020	1020	rizika	28	19
1021	1021	ostat. dg	28	16
1022	1022	onkores	28	10
1023	1023	##.##.#### operater	28	7
1024	1024	st.localis\	28	7
1025	1025	ct nalez (dr. koukalova)	28	4
1026	1026	podezrele leze	28	7
1027	1027	okraj od dcis g#	28	19
1028	1028	imunohistochemie (blok #)	28	19
1029	1029	* ##.#.#### #	28	4
1030	1030	doplneni zaveru	28	19
1031	1031	status her#	28	7
1032	1032	planovana radioterapie	28	19
1033	1033	#) resekat prave mammy	28	17
1034	1034	st.p.operace	28	19
1035	1035	odbery	28	18
1036	1036	konsilium (kozni)	27	7
1037	1037	mk #.#.####	27	10
1038	1038	zaver definitivniho histopatol. vysetreni	27	19
1039	1039	biopsie #/#/####	27	7
1040	1040	#) doresekat kranialne	27	19
1041	1041	- ambulantni objednavky	27	7
1042	1042	cht	27	7
1043	1043	#-#(mc)	27	19
1044	1044	imunofenotyp z punkce	27	3
1045	1045	er pozitivni. vnpi	27	19
1046	1046	prednosta	27	19
1047	1047	##/##/####	27	3
1048	1048	#) kranialni doresekat	27	19
1049	1049	id	27	7
1050	1050	echo srdce ##.##.####	27	3
1051	1051	dalsi	27	7
1052	1052	ab	27	7
1053	1053	lu prave axily celkem	27	7
1054	1054	#/#### gynekolog. kontrola	27	3
1055	1055	epidemiologicka anameza	27	0
1056	1056	ldk	27	4
1057	1057	 ##.##.#### #	27	4
1058	1058	usg mamm a axill	27	14
1059	1059	gfs	27	7
1060	1060	uz vagin.s.	27	7
1061	1061	fenotyp (stanoveno z metastazy)	27	19
1062	1062	mamma sin + lu	27	7
1063	1063	st.p.rame l.dx s nalezem	27	19
1064	1064	* #.#.#### #	27	4
1065	1065	pt# (##.# mm) pn#a(uzliny[poz/vys]	26	19
1066	1066	mg bilat.	26	4
1067	1067	axily i nadkl	26	7
1068	1068	alez [ep	26	4
1069	1069	mamma l.sin	26	7
1070	1070	doporuceni.	26	10
1071	1071	mr mamm [ep	26	14
1072	1072	spondyloonkologicka komise	26	7
1073	1073	infekce	26	7
1074	1074	axil.uzlina	26	19
1075	1075	proliferacni antigen ki-## (automat)	26	7
1076	1076	dispenzarni kontrola	26	7
1077	1077	gynekol. vysetreni ##.#.####	26	3
1078	1078	levostranna mastektomie	26	7
1079	1079	genital	26	7
1080	1080	zapis z mk ##.##.##	26	19
1081	1081	histol v mou	26	19
1082	1082	ct presetreni	26	14
1083	1083	ldct	26	14
1084	1084	synchronni nadorova duplicita	26	19
1085	1085	randomizacni cislo	26	7
1086	1086	posledni gyn vys.. #/####	26	7
1087	1087	pozadovana vysetreni	26	7
1088	1088	tolerance dobra- nul	26	10
1089	1089	gynekologicke vysetreni #.#.####	26	3
1090	1090	av vmax (m/s)	26	7
1091	1091	nejasne leze	26	7
1092	1092	- doporuceni	26	10
1093	1093	telefonuje	26	7
1094	1094	 #.##.#### ##	26	4
1095	1095	echo #/#### v mou	25	3
1096	1096	pt#c (##.# mm) pn#a(uzliny[poz/vys]	25	10
1097	1097	zprava pro pl	25	7
1098	1098	#) doresekat	25	19
1099	1099	premedikace podminene - vecer	25	19
1100	1100	kriticky okraj	25	19
1101	1101	posledni gyn vys ##/####	25	7
1102	1102	ad kro ambulance	25	7
1103	1103	subj. pri ukonceni radioterapie	25	0
1104	1104	mg ##.#.####	25	4
1105	1105	zaver mamarni komise	25	10
1106	1106	[ep	25	14
1107	1107	minimalni res. okraje	25	19
1108	1108	zk. c. #	25	13
1109	1109	synchronni onkologicka duplicita	25	19
1110	1110	*lab. vysetreni	25	18
1111	1111	subj..	25	0
1112	1112	sestra	25	7
1113	1113	- plan	25	10
1114	1114	ter	25	7
1115	1115	aktualni hodnoty	25	7
1116	1116	*##.#.#### v #	25	7
1117	1117	k domluve operace	25	7
1118	1118	dpn	25	7
1119	1119	#.##.#### mk	25	10
1120	1120	gyn vys	25	7
1121	1121	adnexa vlevo	25	19
1122	1122	kompl.dg.	25	7
1123	1123	obj. pri ukonceni radioterapie	25	6
1124	1124	#) doresekat kaudalne	25	19
1125	1125	posledni gyn vys. #/####	25	7
1126	1126	vyvoj hmotnosti	25	7
1127	1127	ct plic	24	3
1128	1128	interkurance	24	16
1129	1129	l. dx	24	7
1130	1130	usg bricha ##.#.####	24	4
1131	1131	rovzaha	24	10
1132	1132	rebiopsie	24	13
1133	1133	pacientka dnes vratila medikaci	24	19
1134	1134	pro sestru a dceru	24	19
1135	1135	nutrice	24	7
1136	1136	topografie	24	19
1137	1137	cilovy objem	24	7
1138	1138	obj. ki ###% vyska	24	19
1139	1139	zhodnoceni rekurence onemocneni	24	7
1140	1140	uz bilat.	24	4
1141	1141	kontrola po oper.	24	7
1142	1142	datum zahajeni rt	24	7
1143	1143	interna	24	16
1144	1144	bilat mastektomie	24	19
1145	1145	#) snb l. sin.	24	19
1146	1146	denzitometrie #.#.####	24	3
1147	1147	po disekci	24	13
1148	1148	indikace mamarni komise	24	19
1149	1149	dle mk dopor.	24	10
1150	1150	polyvalentni alergie	24	19
1151	1151	l. sin	24	7
1152	1152	vulvoskopie	24	7
1153	1153	#) doresekat dorsalne	23	19
1154	1154	uzliny souhrnne vcetne disekatu	23	19
1155	1155	rt konzilium	23	19
1156	1156	gyn. vysetreni	23	7
1157	1157	ost.dg.	23	7
1158	1158	#/## echo zaver	23	3
1159	1159	onkologicka diagnoza	23	13
1160	1160	posledni gyn. vys.	23	3
1161	1161	#) doresekat medialne	23	19
1162	1162	gynekologicke vysetreni ##.##.####	23	19
1163	1163	rozvaha mk	23	10
1164	1164	** ##.#.#### ##	23	4
1165	1165	jicen	23	7
1166	1166	rozpis	23	7
1167	1167	histologicky zaver	23	19
1168	1168	pkd psax	23	3
1169	1169	vnpi po doresekovani	23	7
1170	1170	plicni	23	7
1171	1171	objednavka	23	19
1172	1172	#/## s_cea	23	7
1173	1173	radiologie	23	7
1174	1174	# dny po cht	23	7
1175	1175	randomizace	23	19
1176	1176	 obj. vyska	23	7
1177	1177	rtg plic #/####	23	7
1178	1178	#.##.####	23	7
1179	1179	resekat prave mammy	23	19
1180	1180	*#.#.#### v #	23	7
1181	1181	echo srdce ##/#### zaver	23	3
1182	1182	##.#.#### echo zaver	22	13
1183	1183	mensi leze v zhk	22	19
1184	1184	do medikace	22	7
1185	1185	info pro pacientku	22	10
1186	1186	st.p.totalni resekci s nalezem	22	19
1187	1187	pri propusteni - subj.	22	6
1188	1188	 mk	22	10
1189	1189	* nalez [ep	22	4
1190	1190	denzitometrie #/##	22	3
1191	1191	vetsi leze v mdk	22	19
1192	1192	operace #.##.####	22	7
1193	1193	ad gynekologiam	22	7
1194	1194	stp.#x neoadjuvanci ac-efekt	22	10
1195	1195	#.#.#### echo zaver	22	3
1196	1196	bez ki pokracuji	22	7
1197	1197	c#.#	22	7
1198	1198	*zapis z mk	22	19
1199	1199	stolice	22	7
1200	1200	doporucenipro probandku	22	19
1201	1201	sono prsu	22	4
1202	1202	gynekol. vys. ##.##.####	22	3
1203	1203	charakter	22	0
1204	1204	sbn prave axily	22	19
1205	1205	mmr imunohistochemicky	22	7
1206	1206	b_ph	22	18
1207	1207	invazivni mikropapilarni karcinom	22	19
1208	1208	p.r.	22	7
1209	1209	konsilium (otorinolaryngologie)	21	7
1210	1210	##.#.#### rtg hrudniku	21	3
1211	1211	mamarni komise (##.#.####)	21	10
1212	1212	ibrance od ##/##/## nul	21	7
1213	1213	zavedeni picc	21	2
1214	1214	operaca	21	7
1215	1215	echo srdce #.#.####	21	3
1216	1216	uz bricha #.#.####	21	3
1217	1217	bl. c. #	21	19
1218	1218	#) snb l. axilla	21	19
1219	1219	pro sestry	21	19
1220	1220	interni predoperacni vysetreni	21	7
1221	1221	doporuceni mamarni komise mou	21	10
1222	1222	gynekologie ##.#.####	21	7
1223	1223	stp. atiestrogenni lecbe	21	19
1224	1224	abuzy	21	7
1225	1225	mamma dx/lu#	21	7
1226	1226	doplnena rozvaha	21	10
1227	1227	k vykonu	21	7
1228	1228	 z.	21	14
1229	1229	biopsie - histol.	21	19
1230	1230	#/## nove ca ##.#	21	7
1231	1231	fenotyp	21	19
1232	1232	mk - ##/####	21	10
1233	1233	spiro	21	3
1234	1234	- doporuceni mk	21	10
1235	1235	uz mamm ##/####	21	4
1236	1236	#) kaudalni doresekat	21	19
1237	1237	*s_cea	21	7
1238	1238	##/####	21	3
1239	1239	pacient veden pod id	21	7
1240	1240	zitra a pozitri	21	7
1241	1241	efekt pet/ct #/##	21	13
1242	1242	##.#.#### uz bricha	21	4
1243	1243	#.#.#### usg bricha	21	4
1244	1244	ii. cteni	21	7
1245	1245	boost mam sin.	21	7
1246	1246	matka	21	7
1247	1247	po doresekci nalezy	21	19
1248	1248	mri	21	4
1249	1249	nul po #.s.	21	7
1250	1250	- denzitometrie #/####	21	3
1251	1251	ep	21	4
1252	1252	ucel ambulatni kontroly	21	19
1253	1253	datum vysetreni	21	7
1254	1254	zakladni dg	21	7
1255	1255	##.#. v #	21	7
1256	1256	(z core-cut v dokumentaci	20	19
1257	1257	mlh#	20	7
1258	1258	l prs	20	7
1259	1259	##.#.#### echo srdce	20	7
1260	1260	tl #	20	7
1261	1261	transport (druh prepravy) indikovan	20	7
1262	1262	#/## pd dle pet/ct	20	4
1263	1263	trvani nemoci	20	19
1264	1264	#/ c##.#	20	13
1265	1265	imunohistochemie	20	7
1266	1266	st.p.oper.	20	3
1267	1267	anamnesa cil.zamerena	20	7
1268	1268	sae #	20	7
1269	1269	scintigraficky nalez	20	4
1270	1270	chir. konzultace	20	7
1271	1271	msh#	20	7
1272	1272	cas skiaskopie (min	20	7
1273	1273	 res	20	4
1274	1274	histol. - zaver	20	19
1275	1275	pro syna a bratra	20	19
1276	1276	##.##.#### operace	20	7
1277	1277	#/#### gynekologie	20	3
1278	1278	levostranna profylakticka mastectomie	20	7
1279	1279	dispenzarizace	20	7
1280	1280	subj .	20	7
1281	1281	pms#	20	7
1282	1282	mamma l. sin .	20	6
1283	1283	d#/#	20	7
1284	1284	ct hrudnik + bricho	20	7
1285	1285	st.loc	20	7
1286	1286	chronicka medikace	20	19
1287	1287	boost mam dx.	20	7
1288	1288	otosk.	20	6
1289	1289	e'avg.	20	7
1290	1290	##.##.#### mamarni komise	20	7
1291	1291	echo ##/#/####	20	3
1292	1292	lab abn.	20	7
1293	1293	#) snb c. #	20	19
1294	1294	ep.	20	7
1295	1295	## mm (prs	20	3
1296	1296	lokalizace tu prave mammy	20	4
1297	1297	dop genetika	20	19
1298	1298	gynekolog	20	7
1299	1299	histologie - zaver	20	19
1300	1300	##.#.#### mk	20	10
1301	1301	s_tsh	20	7
1302	1302	* #.#.#### ##	20	4
1303	1303	synaptofyzin	19	7
1304	1304	obj. .vyska	19	7
1305	1305	prokazana kombinovana hereditarni trombofilie	19	19
1306	1306	-rozvaha	19	10
1307	1307	pro sestry a matku	19	19
1308	1308	dle uz #/####	19	4
1309	1309	def hist.	19	7
1310	1310	#. simplexni mastektomie	19	19
1311	1311	p prs	19	7
1312	1312	zamestnani	19	7
1313	1313	#/#### mk	19	13
1314	1314	ct hrudniku	19	3
1315	1315	 #.##.#### #	19	7
1316	1316	usg jater	19	4
1317	1317	dalsi plan	19	10
1318	1318	** lab. vysetreni	19	18
1319	1319	presetreni	19	4
1320	1320	#. kontrola po rt	19	7
1321	1321	planovana strategie	19	7
1322	1322	registrujici pl	19	7
1323	1323	- histologicky	19	19
1324	1324	iunterkurence	19	3
1325	1325	z dodane dok.	19	7
1326	1326	boost mamma sin.	19	7
1327	1327	zamestnavatel	19	7
1328	1328	mk ##.#.####	19	19
1329	1329	s_##-hydroxyvitamin d	19	7
1330	1330	kolonoskopie ##.#.####	19	7
1331	1331	geneticke testovani	19	19
1332	1332	fa analg.	19	7
1333	1333	plan dalsiho postupu	19	10
1334	1334	genitourinarni/reproduktivny syst.	19	7
1335	1335	provoz	19	7
1336	1336	mimoradna ambul. kontrola	19	7
1337	1337	*##.##.#### v ##	19	7
1338	1338	doporuceni z mk	19	19
1339	1339	mamograficky screening ##.#.#### ##	19	4
1340	1340	#/#/## operace	19	19
1341	1341	stomatolog. vys.	19	7
1342	1342	##.##. v #	19	7
1343	1343	klinicke hodnoceni tumoru	18	7
1344	1344	vysledna kategorie prace	18	7
1345	1345	histologie( krnov)- orientacne	18	13
1346	1346	mr	18	4
1347	1347	biopsie - histol. zaver	18	19
1348	1348	dporuceni	18	10
1349	1349	- st.p. hospitalizaci pro	18	19
1350	1350	uz jater + doppler	18	4
1351	1351	minimalni resekcni okraj invaze	18	19
1352	1352	axilarni uzliny	18	7
1353	1353	invazivni nst karcinom	18	7
1354	1354	stp. localis	18	7
1355	1355	doplneni	18	7
1356	1356	denzitometrie ##.##.##	18	7
1357	1357	st.p.oper. ##.#.####	18	19
1358	1358	##.#.#### mg #.cteni [ep	18	4
1359	1359	hmotnost (kg)	18	7
1360	1360	braf	18	19
1361	1361	telefonuje pacientka	18	0
1362	1362	klasif. (tnm-#)	18	19
1363	1363	e'avg.(m/s)	18	7
1364	1364	hodnoty tro	18	7
1365	1365	#/#### operace	18	7
1366	1366	ostatni lu axily	18	7
1367	1367	hodnoceni dle	18	7
1368	1368	jmeno pacienta	18	7
1369	1369	prediktivni faktory v resekatu	18	19
1370	1370	#) lateralni doresekat	18	19
1371	1371	moznosti implantatu	18	7
1372	1372	##.##.#### s_cea	18	7
1373	1373	kod	18	7
1374	1374	zav.	18	3
1375	1375	rasa	18	7
1376	1376	po #. serii ac	18	7
1377	1377	usg mamm a axil	18	4
1378	1378	ypt# n#(i-)(sn) (sn uzliny[poz/vys]	18	19
1379	1379	difuze co	18	3
1380	1380	pravy prs	18	7
1381	1381	dif. dg. rozvaha	18	19
1382	1382	endokrino	18	7
1383	1383	pri prujmech	18	11
1384	1384	komorbdity	18	3
1385	1385	kompl. dg.	18	7
1386	1386	okraje multifok. pozitivni	18	19
1387	1387	rtg hrudniku [ep	18	4
1388	1388	chir. kontrola / konzultace	18	7
1389	1389	##.##.#### laboratorni cislo	17	7
1390	1390	posledni gyn yvs.	17	7
1391	1391	dotaz	17	10
1392	1392	pertuzumab	17	19
1393	1393	ad neurologiam	17	7
1394	1394	resekat hkk prave mammy	17	7
1395	1395	( o	17	7
1396	1396	dle uz	17	3
1397	1397	interkurrence.	17	16
1398	1398	- dle dop. mk	17	19
1399	1399	##.#.#### rtg hrudniku vestoje	17	4
1400	1400	her# negativni (#). klasifikace	17	7
1401	1401	chirurgie	17	7
1402	1402	histologie kostni drene ##/##	17	19
1403	1403	v reresekatu	17	19
1404	1404	kontrola po oper	17	7
1405	1405	sin	17	7
1406	1406	ekg ##.##.####	17	7
1407	1407	medikace za hospitalizace	17	7
1408	1408	resekcni linie invazivniho karcinomu	17	7
1409	1409	doprava	17	7
1410	1410	uz mamm a axill	17	4
1411	1411	vysledek histol.	17	19
1412	1412	imh	17	19
1413	1413	 rozvaha	17	10
1414	1414	klinicke studie	17	7
1415	1415	vykony	17	7
1416	1416	gynekologie ##/##	17	3
1417	1417	#/## mk	17	19
1418	1418	velikost [mm]	17	7
1419	1419	ekg ##.#.####	17	3
1420	1420	eflk odhad	17	7
1421	1421	p_natrium	17	18
1422	1422	#) snb p. axilla	17	19
1423	1423	plice	17	4
1424	1424	zprava pro pl. pozn.	17	19
1425	1425	#/#### per rectum	17	7
1426	1426	onkologie	17	7
1427	1427	operace ##.#.##	17	7
1428	1428	endokrinologicke vysetreni ##.#.####	17	7
1429	1429	scintigrafie	17	7
1430	1430	vyuctovani nahrady cestovnich nakladu	17	7
1431	1431	snb negativni (#/#). klasifikace	17	13
1432	1432	stp. operace	17	7
1433	1433	nutricni anamneza	17	0
1434	1434	intubace	17	7
1435	1435	dle dop mk	17	10
1436	1436	rtg s+p ##.#.##	17	7
1437	1437	doba extrakce endoskopu	17	7
1438	1438	anesteziologicka amb. [##.#.#### #	17	7
1439	1439	status praesens	17	6
1440	1440	boost sin d	17	7
1441	1441	histologie cgb ostrava	17	19
1442	1442	konziliarni ambulance	16	7
1443	1443	#/#### gynekolog. vysetreni	16	7
1444	1444	##.#.## ptx/w- (#.#.##) nul	16	13
1445	1445	studiova lecba	16	19
1446	1446	birads vysledek	16	4
1447	1447	echo srdce trebic #.#.####	16	7
1448	1448	sledovana	16	7
1449	1449	z metastazy	16	7
1450	1450	sono mamm	16	4
1451	1451	studiova th.	16	19
1452	1452	ps a#c	16	7
1453	1453	dermatologie	16	7
1454	1454	dle ik	16	19
1455	1455	ypt# ypn#a(uzliny[poz/vys]	16	19
1456	1456	re-resekce	16	19
1457	1457	dopouceni	16	19
1458	1458	chevallier trg #. klasifikace	16	19
1459	1459	** tm	16	7
1460	1460	mk #/####	16	19
1461	1461	prediktivni faktory v dcis	16	7
1462	1462	od bolesti	16	7
1463	1463	- ##.#.#### echo srdce	16	3
1464	1464	gyn.onemocneni a operace	16	7
1465	1465	*usg [ep	16	4
1466	1466	ostat dg	16	7
1467	1467	pro bratry	16	19
1468	1468	cislo studiove medikace	16	19
1469	1469	doporuceni po chemoterapii	16	11
1470	1470	zaver histopatologickeho vysetreni	16	19
1471	1471	medkace	16	19
1472	1472	po terapii	16	7
1473	1473	co-morbidities	16	7
1474	1474	mg ##.#.##	16	4
1475	1475	ad #) levy prs	16	19
1476	1476	denzitometrie ##.##.####	16	7
1477	1477	kolposkopie	16	7
1478	1478	##.##.#### sumacni snimek hrudniku	16	7
1479	1479	pokracovat v zavedene medikaci	16	7
1480	1480	rtg hrudniku ##.#.####	16	7
1481	1481	c#d#	16	7
1482	1482	aktualni telesna hmotnost	16	7
1483	1483	# snb prave axily	16	7
1484	1484	#.#.#### sumacni snimek hrudniku	16	7
1485	1485	reresekat prsu	16	19
1486	1486	kolonoskopie #/####	16	7
1487	1487	doporuceni pro probandku	16	7
1488	1488	(residuum	16	19
1489	1489	dalsi dg	16	7
1490	1490	ko echo srdce ##.#.####	16	3
1491	1491	domluva na dalsim postupu	16	7
1492	1492	punkcni biopsie prave axily	16	19
1493	1493	mamma sin+lud	16	7
1494	1494	#.#.#### rtg hrudniku	16	7
1495	1495	provedeno vysetreni zrcadly	16	19
1496	1496	palp.	16	7
1497	1497	gynekol.	16	3
1498	1498	pro probanda	16	19
1499	1499	+ # den	16	7
1500	1500	vedl.dg	16	7
1501	1501	ad b) #-#	16	19
1502	1502	* ##.##.####	16	7
1503	1503	- doporuceni mamarni komise	16	19
1504	1504	nos	16	7
1505	1505	usg bricha	16	4
1506	1506	nyni po provedene	16	7
1507	1507	operativa [##.#.#### #	16	7
1508	1508	doprovdo	16	7
1509	1509	gynekologicke vysetreni #.##.####	16	3
1510	1510	- pacient odeslan pro	15	7
1511	1511	rehospitalizace	15	7
1512	1512	posledni gyn vys	15	7
1513	1513	 u__ph	15	18
1514	1514	prediktivni faktory g# karcinomu	15	7
1515	1515	tedy	15	7
1516	1516	moceni	15	7
1517	1517	minimalni res. okraj dorzalne	15	7
1518	1518	#.##.#### operace	15	7
1519	1519	per rect.	15	7
1520	1520	ad #) pravy prs	15	19
1521	1521	priste	15	7
1522	1522	lu celkem	15	7
1523	1523	vysetreni periferni neuropatie	15	0
1524	1524	onkologicky zaver	15	10
1525	1525	pracovni anamneza	15	7
1526	1526	ambulantni kontrola	15	7
1527	1527	##.#.#### lymfoscintigrafie ##mtc nanocollem	15	19
1528	1528	echo #/## z	15	7
1529	1529	kultivace anaerobni	15	7
1530	1530	oblast ii-v vlevo	15	13
1531	1531	sono vag	15	3
1532	1532	gyenkologie	15	7
1533	1533	#.##.#### operater	15	7
1534	1534	resekcni okraj	15	19
1535	1535	gynekolog. vysetreni ##/##/##	15	19
1536	1536	vydano	15	19
1537	1537	dopor._	15	7
1538	1538	hak/ hst	15	7
1539	1539	gastroenterologie	15	7
1540	1540	#) leva axilla	15	19
1541	1541	 z	15	7
1542	1542	fixacni tekutina	15	7
1543	1543	dop. mamarni komise	15	19
1544	1544	*tm- ##.##.##	15	7
1545	1545	#. korekce [##.#.#### ##	15	7
1546	1546	- dle mk dopor.	15	10
1547	1547	onkol.dg	15	3
1548	1548	b_hodnoceni if pk	15	18
1549	1549	 ##.#.#### operace	15	7
1550	1550	- ea	15	7
1551	1551	pri teplotach	15	11
1552	1552	mozkovna	15	7
1553	1553	st loc	15	7
1554	1554	histol. dkk	15	7
1555	1555	panev	15	7
1556	1556	nahlaseno	15	7
1557	1557	imunofenotyp z core-cut	15	19
1558	1558	dle mk dopor	15	13
1559	1559	kolonoskopie ##/##	15	7
1560	1560	#/## nul	15	19
1561	1561	telo	15	19
1562	1562	konsilium (gynekologie)	15	7
1563	1563	imunohistochemie bl.c. #	15	7
1564	1564	obj. vys.	15	7
1565	1565	her-# #+klasifikace	15	7
1566	1566	* ##.##.#### ##	15	4
1567	1567	ostatni jak zavedeno	15	7
1568	1568	##.#.#### echo	15	19
1569	1569	screeningova mg	15	4
1570	1570	zaver mk	15	19
1571	1571	kontrol.vys.	15	7
1572	1572	biopsie mdk	15	7
1573	1573	pro vsechny # tumory	15	19
1574	1574	e'sept.(m/s)	15	7
1575	1575	dalsi vysetreni	15	7
1576	1576	rtg p+s ##.#.####	14	7
1577	1577	mr prsou	14	4
1578	1578	s histol.nalzem	14	7
1579	1579	jina podana lecba	14	7
1580	1580	vyjadreni chirurga	14	19
1581	1581	misto aplikace	14	7
1582	1582	ost. dg.	14	7
1583	1583	kardiologie	14	7
1584	1584	psychiatrie	14	7
1585	1585	uz bricha ##.##.####	14	4
1586	1586	laborator a jina vysetreni	14	7
1587	1587	proti nevolnosti	14	19
1588	1588	** ##.##.##	14	7
1589	1589	mikro	14	19
1590	1590	oerace	14	7
1591	1591	po doresekci	14	7
1592	1592	interkuzrence	14	7
1593	1593	- ##.##.#### echo srdce	14	3
1594	1594	opakovana parcialni mastektomie	14	19
1595	1595	benigni	14	19
1596	1596	#) dorsalni doresekat	14	7
1597	1597	echo kontrolni ##.##.####	14	7
1598	1598	uz jater ##.#.####	14	3
1599	1599	plicni vys ##.##.####	14	7
1600	1600	alkohol	14	7
1601	1601	zapis z mk #.#.##	14	19
1602	1602	premedikace vecer	14	7
1603	1603	od ##.##.#### v adjuvanci	14	7
1604	1604	ii	14	7
1605	1605	 bilat. ca mammae	14	19
1606	1606	spravne je tedy zaver	14	7
1607	1607	##/#/####	14	7
1608	1608	vysledky provedenych vysetreni	14	7
1609	1609	pankreas	14	7
1610	1610	komise doporuceni	14	19
1611	1611	ostatni vysetreni ##.#.#### ##	14	7
1612	1612	tk ###/## mmhg p	14	7
1613	1613	senol.vys.	14	6
1614	1614	parcialni mastektomie vlevo (zdk)	14	19
1615	1615	emg #/## dr strakova	14	19
1616	1616	mamma sin dibh	14	7
1617	1617	dt(ms)	14	7
1618	1618	prodelane infekce	14	7
1619	1619	kro konzilium	14	7
1620	1620	histol cgb	14	7
1621	1621	radikalni mastektomie vlevo	14	13
1622	1622	hist (znojmo)	14	19
1623	1623	v pripade zhorseni stavu	14	7
1624	1624	#/#### denzitometrie	14	7
1625	1625	parcialni mastektomie vpravo	14	19
1626	1626	boost dx.	14	7
1627	1627	hltan	14	7
1628	1628	#/## podle usg regrese	14	4
1629	1629	dopor mamarni komise #/#/##.	14	19
1630	1630	scinti kosti	14	7
1631	1631	#.#. operace	14	7
1632	1632	nezadouci ucinky lecby	14	7
1633	1633	stomatologicke vysetreni #.#.####	14	7
1634	1634	operace a urazy	14	7
1635	1635	emg	14	7
1636	1636	# intramammarni lu vpravo	14	7
1637	1637	stomatol. vys. #.#.####	14	7
1638	1638	roza	14	7
1639	1639	ad mk	14	7
1640	1640	rtg plic ##.#.####	14	7
1641	1641	kontrola s vysledky	14	7
1642	1642	-plan	14	10
1643	1643	c#d##	14	7
1644	1644	duplicita	14	13
1645	1645	maxnul	13	7
1646	1646	oporuceni	13	19
1647	1647	gynekolog.	13	7
1648	1648	#/#/####	13	7
1649	1649	*mk	13	7
1650	1650	neurologicke vysetreni ##.#.####	13	3
1651	1651	kozni excize leveho stehna	13	7
1652	1652	#) snb l. dx.	13	19
1653	1653	analgetika	13	7
1654	1654	usg bricha #.##.####	13	7
1655	1655	##/#/## ekg	13	7
1656	1656	uz bricha a panve	13	7
1657	1657	pet/ct ##.##.####	13	7
1658	1658	zlucnik	13	7
1659	1659	vyter covid [##.#.#### #	13	7
1660	1660	ad radioterpaiam	13	7
1661	1661	ledviny	13	3
1662	1662	kraniolateralni doresekat	13	7
1663	1663	 chemoterapie	13	7
1664	1664	echokg #/####	13	7
1665	1665	kontrolni echo srdce ##.##.####	13	7
1666	1666	echokardiografie	13	3
1667	1667	##/#/#### mou	13	3
1668	1668	lecena	13	13
1669	1669	gynekol. vys. #/####	13	7
1670	1670	#/#### byla denzitoemtrie	13	7
1671	1671	c-erbb-#	13	7
1672	1672	st.localsi	13	7
1673	1673	obj. nalez. tk	13	7
1674	1674	st.p. operaci dne ##.#.####	13	19
1675	1675	chirurgicka kontrola	13	7
1676	1676	kontrola na ambulanci kro	13	7
1677	1677	## mm (zaludek	13	7
1678	1678	hodnotila	13	7
1679	1679	zhodnoceni aktual.vysl	13	19
1680	1680	mg ##.##.####	13	4
1681	1681	holter	13	7
1682	1682	bsa	13	7
1683	1683	#.##.#### sumacni snimek hrudniku	13	7
1684	1684	pri bolestech	13	7
1685	1685	vedl. chorby	13	7
1686	1686	dop mk #.#.	13	19
1687	1687	echo ##/####	13	7
1688	1688	interni vysetreni ##.#.####	13	3
1689	1689	pouzite expandery	13	7
1690	1690	revmatol. vysetreni #.##.####	13	7
1691	1691	domluva operace	13	7
1692	1692	mg + uz breclav	13	4
1693	1693	vysledek oncotype dx	13	7
1694	1694	diagnosticka mamografie ##.#.#### ##	13	4
1695	1695	mg euc	13	4
1696	1696	operace ##.#.	13	7
1697	1697	kolonoskopie #/#/##	13	7
1698	1698	harmonogram radioterapie	13	7
1699	1699	axila souhrnne vcetne snb	13	19
1700	1700	pokud budou bolesti pretrvavat	13	7
1701	1701	#/##	13	7
1702	1702	rodina matky	13	7
1703	1703	disekat leve axily	13	19
1704	1704	##.#.##	13	7
1705	1705	gynekol. vys. #.##.####	13	7
1706	1706	tso ### dna+rna	13	7
1707	1707	spondylokomise ##.#.####	13	7
1708	1708	## mm (plice	13	7
1709	1709	onkol. dg.	13	7
1710	1710	##.#.#### usg horniho bricha	13	4
1711	1711	vedl.nalezy	13	19
1712	1712	pouzity implantat	13	7
1713	1713	subj a no	13	0
1714	1714	pravostranna mastektomie	13	7
1715	1715	digmg	13	7
1716	1716	*##.#.#### v ##	13	7
1717	1717	choledochus	13	7
1718	1718	slezina	13	7
1719	1719	implantaty	13	7
1720	1720	dalsi geneticka konzultace	13	7
1721	1721	# dny	13	7
1722	1722	minimalni res. okraj invaze	13	19
1723	1723	vedl.	13	7
1724	1724	levostranna profylaticka mastektomie	13	7
1725	1725	st.-localis	13	7
1726	1726	echokg ##.#.####	13	3
1727	1727	korekce	12	7
1728	1728	pro matku a sestry	12	19
1729	1729	##.##.#### scinti skeletu	12	7
1730	1730	doplneni nalezu	12	7
1731	1731	oncotype	12	19
1732	1732	stran dcery	12	19
1733	1733	pn#a(uzliny[poz/vys]	12	7
1734	1734	dalsi nul	12	13
1735	1735	st.p. adj. cht	12	7
1736	1736	** ##.#.#### #	12	4
1737	1737	#/#### usg horniho bricha	12	7
1738	1738	- planovana klinicka kontrola	12	7
1739	1739	lokalizace pod uz ko	12	4
1740	1740	boost mama sin	12	7
1741	1741	#/## kolonoskopie	12	19
1742	1742	##.##.#### rtg plic	12	4
1743	1743	psoledni gyn vys.	12	7
1744	1744	neguje	12	7
1745	1745	#) prava axilla	12	19
1746	1746	cytologie	12	19
1747	1747	pristi prevaz	12	7
1748	1748	b_leukocyty	12	18
1749	1749	resekat zhk praveho prsu	12	19
1750	1750	doporuceni z genetiky	12	19
1751	1751	z punkce	12	7
1752	1752	histolog	12	7
1753	1753	pro syny a bratra	12	19
1754	1754	cislo lekovky studiove medikace	12	7
1755	1755	kontrola po rt	12	7
1756	1756	vysazeno	12	7
1757	1757	##.#.#### - operace	12	7
1758	1758	mdk kranialneji	12	7
1759	1759	snb negativni (#/#).klasifikace	12	7
1760	1760	exstirpat v levem hypochondriu	12	13
1761	1761	echokg ####	12	7
1762	1762	kontrola #t po operaci	12	7
1763	1763	- ##.##.#### gyn. vys.	12	7
1764	1764	echo srdce #.##.####	12	7
1765	1765	sono ledvin	12	7
1766	1766	#) mamma vlevo	12	19
1767	1767	mk - doporuceni	12	19
1768	1768	gynekologie #/####	12	7
1769	1769	anameza	12	7
1770	1770	##.#.#### hematologicke vysetreni	12	7
1771	1771	vysledek zaslat	12	7
1772	1772	snb c. #	12	7
1773	1773	poslendi gyn vys.	12	7
1774	1774	doporucena lecba	12	7
1775	1775	(baseline	12	4
1776	1776	tumormarkery	12	7
1777	1777	 ae	12	15
1778	1778	dnes #. #. ####	12	7
1779	1779	st.p.	12	7
1780	1780	st-.localis	12	7
1781	1781	blok #	12	7
1782	1782	rtg c patere	12	4
1783	1783	resekat mhk vlevo	12	19
1784	1784	*reresekce	12	19
1785	1785	vstupni vysetreni	12	7
1786	1786	#/## echo srdce	12	7
1787	1787	boost mamma dx.	12	7
1788	1788	soucasny stav	12	7
1789	1789	 usg bricha	12	4
1790	1790	nutna medikace	12	19
1791	1791	nu po #. serii	12	19
1792	1792	sarze	12	7
1793	1793	v anamneze	12	7
1794	1794	##.#.## mamarni komise	12	19
1795	1795	#) snb prava axilla	12	19
1796	1796	bl. c. ##	12	7
1797	1797	##.#. - operace	12	7
1798	1798	*##.##.#### v #	12	7
1799	1799	- mk- dopor.	12	13
1800	1800	pro	12	7
1801	1801	*prvni resekce	12	19
1802	1802	stat.loc.	12	7
1803	1803	ko+diff	12	7
1804	1804	boost mamm dx	12	7
1805	1805	#/#### byla denzitometricka kontrola	12	3
1806	1806	#.#.#### rtg plic	12	7
1807	1807	biopsie (biopticke kleste)	12	7
1808	1808	mikropopis	12	19
1809	1809	kolonoskopie #### ve vn	12	7
1810	1810	 dalsi navsteva	12	19
1811	1811	echokardiografie pozadavek	12	7
1812	1812	gynekologie pravidelne	12	7
1813	1813	kro konzilium ##.#.####	12	7
1814	1814	ypt#c (##.# mm) pn#a(uzliny[poz/vys]	12	13
1815	1815	#.#.#### gynekologie	12	7
1816	1816	konkomitance	12	7
1817	1817	staging scinti	12	4
1818	1818	alegie	12	7
1819	1819	mz	12	19
1820	1820	echo srdce ##.#.####- res	12	19
1821	1821	hak	12	7
1822	1822	mg + uz euc	12	4
1823	1823	denzitometrie ##/####	12	7
1824	1824	cytologicky otisk	12	7
1825	1825	ad interni ambulance	12	7
1826	1826	uz krku	12	4
1827	1827	pravid.amb. kontrola.	12	7
1828	1828	#.#.#### byla denzitometricka kontrola	12	7
1829	1829	zapis z mk #.##.##	12	19
1830	1830	v miste radiokativniho zrna	12	7
1831	1831	stav pri ukonceni rt	12	7
1832	1832	emg ##.##.####	12	19
1833	1833	#) p. mamma	12	19
1834	1834	stp. up-front terapii ia	12	7
1835	1835	orl	11	7
1836	1836	nynejsi onemocneni	11	7
1837	1837	subjektivni	11	7
1838	1838	klasif. (korigovana!).	11	19
1839	1839	##/#/## pd pet/ct	11	7
1840	1840	mamma sin/lu#	11	7
1841	1841	#) resekat leveho prsu	11	19
1842	1842	chlopenni aparat	11	7
1843	1843	urologicke vysetreni ##.#.####	11	3
1844	1844	specialni barveni	11	19
1845	1845	pece o picc port	11	19
1846	1846	##/##/## pet/ct	11	19
1847	1847	denzitometrie #.##.####	11	7
1848	1848	snb pozitivni (#/#)	11	7
1849	1849	histologie z punkcni biopsie	11	7
1850	1850	- mamarni komise	11	19
1851	1851	vstup	11	7
1852	1852	plneni expanderu	11	7
1853	1853	##.##.#### echo srdce	11	7
1854	1854	uz ##.#.####	11	4
1855	1855	pet/ct celotelo	11	7
1856	1856	mg #.##.####	11	4
1857	1857	alergologie	11	7
1858	1858	pacitnka po provedene	11	7
1859	1859	zdroj	11	7
1860	1860	doporuceni kdo	11	7
1861	1861	uz bricha - #/####	11	7
1862	1862	dermatolog. vys.	11	7
1863	1863	nador. duplicita	11	7
1864	1864	echo srdce ##.#.#### podebrady	11	7
1865	1865	histologie reresekce	11	7
1866	1866	cas aplikace	11	7
1867	1867	ekg #.#.####	11	7
1868	1868	snb prave iquiny	11	7
1869	1869	interkurnece.	11	7
1870	1870	uzv axill	11	4
1871	1871	histol. c. #	11	13
1872	1872	boost mamsin	11	7
1873	1873	onkologicka triplicita	11	7
1874	1874	uz prsu a axill	11	4
1875	1875	 ostat. dg.	11	7
1876	1876	dle mk ##.#.####	11	7
1877	1877	axilla sin	11	7
1878	1878	covid anamneza negativni	11	7
1879	1879	av vmax	11	7
1880	1880	na zacpu	11	7
1881	1881	####/##	11	7
1882	1882	holter ekg	11	7
1883	1883	cytospin	11	19
1884	1884	sipping	11	7
1885	1885	resekat leve mammy	11	7
1886	1886	pravid. amb. kontrola	11	7
1887	1887	dopor mk #/####	11	7
1888	1888	synchronne duplicitni invazivni karcinom	11	19
1889	1889	**** interkurence	11	7
1890	1890	covid ##	11	7
1891	1891	stomatologicke vysetreni ##.##.####	11	7
1892	1892	#.##.## aplikovana #	11	7
1893	1893	dosavadni analgeticka terapie	11	7
1894	1894	termin mamotomie	11	7
1895	1895	abd.s.	11	7
1896	1896	pri nevolnostech	11	19
1897	1897	uz abd.	11	7
1898	1898	ecog (ps)	11	7
1899	1899	plan brt	11	7
1900	1900	ct vysetreni	11	4
1901	1901	z onkologickeho hlediska	11	19
1902	1902	chut k jidlu	11	7
1903	1903	#) levy prs	11	19
1904	1904	scintigrafie skeletu	11	7
1905	1905	farmakologicka anamneza	11	7
1906	1906	zadost na ebr	11	7
1907	1907	inrekurence	11	7
1908	1908	cave alergie	11	7
1909	1909	moc	11	4
1910	1910	boost dx/lu#	11	7
1911	1911	def. histol.	11	19
1912	1912	pozit ra	11	7
1913	1913	#/#/## ekg	11	3
1914	1914	##/#### gynekologie	11	7
1915	1915	st. lok	11	7
1916	1916	mlpa analyza genu	11	7
1917	1917	zakladni dg.	11	7
1918	1918	lab.	11	7
1919	1919	vag. vys.	11	7
1920	1920	ad mudr.kleinova	11	7
1921	1921	**tm	11	7
1922	1922	ocni vys ##/####	11	7
1923	1923	aktualni lecba	11	7
1924	1924	dodana dokumentace	11	7
1925	1925	pet/ct #.##.####	11	4
1926	1926	disekce leve axilly	11	19
1927	1927	datum odberu	11	7
1928	1928	##/##/## octreoscan	11	19
1929	1929	uzv ##/##/####	11	4
1930	1930	vedlejsi nalez na kuzi	11	7
1931	1931	##.#.#### echo srdce zaver	11	3
1932	1932	dop mk. doporuceni	10	19
1933	1933	#d (popis)	10	7
1934	1934	##/#### echo	10	7
1935	1935	ptis - vnpi	10	19
1936	1936	revmatologicke vysetreni #/####	10	3
1937	1937	mk dnes dopor.	10	19
1938	1938	ki## (sp#) cell marque	10	7
1939	1939	parcialni mastektomie vlevo	10	7
1940	1940	e/e'sept.(m/s)	10	7
1941	1941	oc	10	7
1942	1942	pravidelna medikace	10	7
1943	1943	doplneno	10	7
1944	1944	##/#### echo srdce	10	7
1945	1945	pravid.amb.kontrola	10	7
1946	1946	s.	10	7
1947	1947	 obj.	10	6
1948	1948	spok	10	19
1949	1949	denzitometrie ##.#.##	10	7
1950	1950	##/#/## pet/ct	10	7
1951	1951	csk	10	7
1952	1952	mamma dx+ lu	10	7
1953	1953	otisk	10	7
1954	1954	usg prsu a axill	10	4
1955	1955	fyziologicka akumulace	10	7
1956	1956	hist. veri. #/##-zaver	10	19
1957	1957	#/####- generalizace tnbc	10	3
1958	1958	ypt#b (#.# mm) ypn#a(uzliny[poz/vys]	10	7
1959	1959	#) doresekat lateralne	10	7
1960	1960	intrerkurence	10	7
1961	1961	##.#.#### uz horniho bricha	10	7
1962	1962	- echo srdce #/####	10	7
1963	1963	popis ldct nativ	10	4
1964	1964	histologie plzen	10	19
1965	1965	lozisko bioptovano s nalezem	10	7
1966	1966	pooperacni kontrola	10	7
1967	1967	kdo	10	7
1968	1968	terminy	10	7
1969	1969	s+ff	10	7
1970	1970	 mg bilat. #/#/####	10	4
1971	1971	efekt terapie	10	10
1972	1972	zapsi z mk	10	7
1973	1973	posledni vysetreni	10	7
1974	1974	ambulance lecby bolesti	10	7
1975	1975	chir. kontrola - konzultace	10	7
1976	1976	* oc ####	10	7
1977	1977	vpravo synchronne duplicitni tumor	10	7
1978	1978	dop. z mk	10	19
1979	1979	dalsi navteva	10	7
1980	1980	#(mb)	10	19
1981	1981	pred vstupem do studie	10	7
1982	1982	z onkol. hlediska	10	7
1983	1983	efekt #/## pr	10	13
1984	1984	##.##.#### vysetreni	10	7
1985	1985	farmakol. anamn.	10	7
1986	1986	zaver.	10	7
1987	1987	echo srdce #.#.##- zaver	10	19
1988	1988	typ prsni tkane	10	7
1989	1989	mk #/#### res	10	19
1990	1990	#) medialni doresekat	10	7
1991	1991	 histologie	10	7
1992	1992	pik#ca	10	7
1993	1993	kontrola po # mes	10	7
1994	1994	uz leve axilly	10	4
1995	1995	gyn.onemocneni	10	7
1996	1996	#.den	10	7
1997	1997	kolorektalni screening	10	19
1998	1998	tum	10	7
1999	1999	interni predoper.vys.	10	7
2000	2000	tier ii level c	10	7
2001	2001	objednat #.mesicni kontrolu	10	7
2002	2002	tk	10	7
2003	2003	nadale pravidelne	10	7
2004	2004	gynekologie #.#.##	10	7
2005	2005	* usg [ep	10	4
2006	2006	zave	10	7
2007	2007	##.#.## ekg	10	3
2008	2008	dop mk ##.#.#### doporuceni	10	19
2009	2009	*svacina	10	7
2010	2010	pet/ct ##.#.####	10	4
2011	2011	ao reg	10	7
2012	2012	***** interkurence	10	7
2013	2013	histologie fnusa	10	7
2014	2014	*vecere	10	7
2015	2015	umisteni	10	7
2016	2016	uz prsu	10	4
2017	2017	#.#.#### neurologie dr. sikova	10	7
2018	2018	*obed	10	7
2019	2019	amb. kontrola	10	7
2020	2020	doresekat okraje leve mammy	10	13
2021	2021	nativni ct nalez	10	7
2022	2022	prediktory vysetreny z punkce	10	7
2023	2023	#. zdk	10	7
2024	2024	##.#.## echo	10	7
2025	2025	ad #) doresekat	10	19
2026	2026	pri nevolnsoti	10	7
2027	2027	rtg ##/####	10	4
2028	2028	http	10	7
2029	2029	g #.cteni [ep	10	7
2030	2030	vedl. diagnozy	10	7
2031	2031	 ra	10	7
2032	2032	simplexni mastektomie vlevo	10	19
2033	2033	ebr	10	7
2034	2034	dop. ##.#.#### mk	10	10
2035	2035	muskuleskeletalni - koncetiny	10	7
2036	2036	echokg #/##	10	7
2037	2037	registr.	10	7
2038	2038	subjektivni hodnoceni	10	7
2039	2039	metachronni onkologicka duplicita	10	7
2040	2040	echo #/##	10	7
2041	2041	boost mam dx/lu#	10	7
2042	2042	ostatni vysetreni #.#.#### ##	10	7
2043	2043	prubeh	10	7
2044	2044	ocni vysetreni #/####	10	7
2045	2045	tier i level a	10	7
2046	2046	nase posledni terapie	10	7
2047	2047	cilene	10	0
2048	2048	gynekologicke vys. ##/####	10	3
2049	2049	kontrola na gynekologii ##.#.####	10	7
2050	2050	gynekologie ##.##.##	10	7
2051	2051	[pn#(uzliny celkem[poz/vys]	10	13
2052	2052	##.##.#### ekg	10	7
2053	2053	#.#.#### ress	10	7
2054	2054	* pro dceru	10	7
2055	2055	onkol. rozvaha	10	7
2056	2056	 - nalez [ep	10	7
2057	2057	po operaci bez pacientky	10	7
2058	2058	interkreunce	10	7
2059	2059	psax	10	7
2060	2060	z biopsie er	10	7
2061	2061	kvs	10	7
2062	2062	anamnesticky od minula	10	7
2063	2063	rtg p+s #.#.####	10	7
2064	2064	minimalni resekcni okraj ventralne	10	7
2065	2065	yptis n#(i+)(sn) (sn uzliny[poz/vys]	10	7
2066	2066	mam boost sin	10	7
2067	2067	mi e	10	7
2068	2068	zdk	10	7
2069	2069	histol.nalez	10	7
2070	2070	zapis z mk #.#.####	10	19
2071	2071	lozisko znacene zrnem radiojodu	10	7
2072	2072	jinak	10	7
2073	2073	##.#.#### zahajena adjuv cht	10	7
2074	2074	mg #.#.##	10	4
2075	2075	til	10	7
2076	2076	pac. po biopsii	10	7
2077	2077	nalez ##.##.####	10	7
